"pk","created_at","updated_at","external_store_id","scene_group_id","scene_type_id","address","external_product_id","external_product_name","eq_num_in_scene_group","shelf_number","on_shelf_position","faces_width","faces_height","faces_depth"
1327301529,"2026-02-18 23:14:38.969421","2026-02-18 23:14:38.969421","617533",20,2338323,"Кофе•2•06","1000013928","TIBIO Gold Selection Кофе субл 75г д/п(Чибо):14",2,6,4,3,1,7
1327301530,"2026-02-18 23:14:38.969421","2026-02-18 23:14:38.969421","617533",20,2338323,"Кофе•2•06","1000088582","ЖОКЕЙ Триумф Кофе сублимированный 150г д/п(НЕП):8",2,6,2,2,1,7
1327301531,"2026-02-18 23:14:38.969421","2026-02-18 23:14:38.969421","617533",20,2338323,"Кофе•2•06","1000102438","JARDIN Colombia Medellin Кофе сублим 150г д/п(НЕП):8",2,6,3,1,1,11
1327301532,"2026-02-18 23:14:38.969421","2026-02-18 23:14:38.969421","617533",20,2338323,"Кофе•2•03","1000137618","MONARCH Velour Кофе нат раст 95г ст/б(Якобс Рус):12",2,3,3,5,1,7
1327301533,"2026-02-18 23:14:38.969421","2026-02-18 23:14:38.969421","617533",20,2338323,"Кофе•2•01","1000176501","МОСКОВСКАЯ КОФЕЙНЯ НА ПАЯХЪ Арабика Кофе сублим 95г ст/б:8",2,1,5,1,1,7
1327301534,"2026-02-18 23:14:38.969421","2026-02-18 23:14:38.969421","617533",20,2338323,"Кофе•2•01","1000176502","МОСКОВСКАЯ КОФЕЙНЯ НА ПАЯХЪ Коломбо Кофе 95г ст/б:8",2,1,4,1,1,7
1327301535,"2026-02-18 23:14:38.969421","2026-02-18 23:14:38.969421","617533",20,2338323,"Кофе•2•01","1000234815","EGOISTE NOIR Кофе раствор100% нат сублим 100г ст/б(DEK):6",2,1,6,1,1,6
1327301536,"2026-02-18 23:14:38.969421","2026-02-18 23:14:38.969421","617533",20,2338323,"Кофе•2•07","1000269701","MACCOFFEE Cappuccino Di Torino 5 саше 127,5г(Фес Продукт):40",2,7,2,4,1,8
1327301537,"2026-02-18 23:14:38.969421","2026-02-18 23:14:38.969421","617533",20,2338323,"Кофе•2•01","1000273925","МОККО Кофе нат раст субл 95г ст/б (МКП):6",2,1,1,2,1,6
1327301538,"2026-02-18 23:14:38.969421","2026-02-18 23:14:38.969421","617533",20,2338323,"Кофе•2•01","1000358164","CARTE NOIRE Elegant Кофе натур сублим 95г ст/бан(Якобс):6",2,1,7,1,1,5
1327301539,"2026-02-18 23:14:38.969421","2026-02-18 23:14:38.969421","617533",20,2338323,"Кофе•2•03","1000384116","MONARCH Caramel Кофе нат раств Карамель 95г ст/бан:6",2,3,5,2,1,7
1327301540,"2026-02-18 23:14:38.969421","2026-02-18 23:14:38.969421","617533",20,2338323,"Кофе•2•05","1000385874","MONARCH Кофе растворимый 270г ст/б:6",2,5,3,2,1,5
1327301541,"2026-02-18 23:14:38.969421","2026-02-18 23:14:38.969421","617533",20,2338323,"Кофе•2•02","1000400753","GUSTO DI ROMA Кофе сублимированный 95г ст/бан:6",2,2,1,3,1,5
1327301542,"2026-02-18 23:14:38.969421","2026-02-18 23:14:38.969421","617533",20,2338323,"Кофе•2•01","1000532823","МОСКОВСКАЯ КОФЕЙНЯ НА ПАЯХЪ Галапагос Кофе раствор 90г с/б:8",2,1,3,2,1,7
1327301543,"2026-02-18 23:14:38.969421","2026-02-18 23:14:38.969421","617533",20,2338323,"Кофе•2•07","1000551678","НЕСКАФЕ 3в1 Напиток кофейн классич 14,5гх9 фл/п:15",2,7,3,3,1,7
1327301544,"2026-02-18 23:14:38.969421","2026-02-18 23:14:38.969421","617533",20,2338323,"Кофе•2•02","1000554108","GUSTO DI ROMA Кофе натур растворимый 190г ст/бан:6",2,2,3,2,1,4
1327301545,"2026-02-18 23:14:38.969421","2026-02-18 23:14:38.969421","617533",20,2338323,"Кофе•2•07","1041239942","MacCoffee Кофе 3в1 20гр 10пак фл/п(Фес продукт):25",2,7,1,1,25,1
1327301546,"2026-02-18 23:14:38.969421","2026-02-18 23:14:38.969421","617533",20,2338323,"Кофе•2•04","1547000011","MONARCH Original Кофе нат раств 190г ст/бан:6",2,4,4,4,1,6
1327301547,"2026-02-18 23:14:38.969421","2026-02-18 23:14:38.969421","617533",20,2338323,"Кофе•2•04","3141730001","MONARCH Original Кофе раст95гст/бан(Якобс):12",2,4,1,3,1,7
1327301548,"2026-02-18 23:14:38.969421","2026-02-18 23:14:38.969421","617533",20,2338323,"Кофе•2•03","3144700002","MONARCH Original Кофе сублим 47,5г ст/бан:12",2,3,1,3,1,9
1327301549,"2026-02-18 23:14:38.969421","2026-02-18 23:14:38.969421","617533",20,2338323,"Кофе•2•01","3147800001","CARTE NOIRE Кофе растворимый 95г ст/б(Якобс Рус):6",2,1,8,1,1,5
1327301550,"2026-02-18 23:14:38.969421","2026-02-18 23:14:38.969421","617533",20,2338323,"Кофе•2•03","8000010633","MONARCH Cinnamon Кофе с корицей натур раств 90г ст/бан:6",2,3,2,2,1,7
1327301551,"2026-02-18 23:14:38.969421","2026-02-18 23:14:38.969421","617533",20,2338323,"Кофе•2•06","8000025299","МОЯ ЦЕНА Кофе гранула+сублим 70г дой пак:12",2,6,1,2,1,7
1327301552,"2026-02-18 23:14:38.969421","2026-02-18 23:14:38.969421","617533",20,2338323,"Кофе•2•05","8000034649","MONARCH TURK ESINTI Кофе натур раствор сублим 60г д/п:15",2,5,1,3,1,11
1327301553,"2026-02-18 23:14:38.969421","2026-02-18 23:14:38.969421","617533",20,2338323,"Кофе•2•04","8000042396","MONARCH Original Кофе натуральный растворимый 160г ст/бан:6",2,4,3,3,1,7
1327301554,"2026-02-18 23:14:38.969421","2026-02-18 23:14:38.969421","617533",20,2338323,"Кофе•2•04","8000053871","MONARCH Asian Selection Кофе сублимированный 150г ст/бан:6",2,4,2,3,1,7
1327301555,"2026-02-18 23:14:38.969421","2026-02-18 23:14:38.969421","617533",20,2338323,"Кофе•2•02","8000057606","JARDIN Colombia Medellin Кофе 170г ст/б(Орими Трэйд):6",2,2,5,2,1,4
1327301556,"2026-02-18 23:14:38.969421","2026-02-18 23:14:38.969421","617533",20,2338323,"Кофе•2•02","8000065563","GUSTO DI ROMA ARABICA Кофе сублимир 190г ст/бан:6",2,2,2,2,1,4
1327301557,"2026-02-18 23:14:38.969421","2026-02-18 23:14:38.969421","617533",20,2338323,"Кофе•2•05","8000078491","MONARCH Original Кофе сублим 170г д/п:9",2,5,2,3,1,7
1327301558,"2026-02-18 23:14:38.969421","2026-02-18 23:14:38.969421","617533",20,2338323,"Кофе•2•02","9912420006","JARDIN Colombia Medellin Кофе 95г ст/б(Орими Трэйд):12",2,2,4,3,1,5
1327301559,"2026-02-18 23:14:38.969421","2026-02-18 23:14:38.969421","617533",20,2338323,"Кофе•2•01","9919990020","МОСКОВСКАЯ КОФЕЙНЯ НА ПАЯХЪ Суаре Кофе раствор 95г ст/бан:8",2,1,2,2,1,7
1327301560,"2026-02-18 23:14:38.969421","2026-02-18 23:14:38.969421","617533",20,2338323,"Кофе•2•02","9932420003","JARDIN Guatemala Atitlan Кофе 95г ст/б(Орими Трэйд):12",2,2,6,2,1,5
1327301561,"2026-02-18 23:14:38.969421","2026-02-18 23:14:38.969421","617533",20,2338323,"Кофе•2•03","9934700007","MONARCH Monarch Intense Кофе раств95гст/бан(Якобс):12",2,3,4,2,1,7
1327301489,"2026-02-18 23:14:38.969421","2026-02-18 23:14:38.969421","617533",20,2338364,"Кофе•1•07","1000068397","ЦИКОРИЧ Цикорий гранулированный 100г д/п(Фаворит):12",1,7,4,1,1,10
1327301490,"2026-02-18 23:14:38.969421","2026-02-18 23:14:38.969421","617533",20,2338364,"Кофе•1•05","1000106609","НЕСКАФЕ Голд Бариста Кофе мол в рас 75г д/п(Нестле):12",1,5,4,1,1,12
1327301491,"2026-02-18 23:14:38.969421","2026-02-18 23:14:38.969421","617533",20,2338364,"Кофе•1•03","1000106610","НЕСКАФЕ Голд Бариста Кофе мол в рас85г ст/б(Нестле):6",1,3,5,1,1,7
1327301492,"2026-02-18 23:14:38.969421","2026-02-18 23:14:38.969421","617533",20,2338364,"Кофе•1•06","1000110505","МАГНИТ Какао порошок 100г к/уп (Россия):24",1,6,5,2,1,11
1327301493,"2026-02-18 23:14:38.969421","2026-02-18 23:14:38.969421","617533",20,2338364,"Кофе•1•01","1000111108","AMBASSADOR Platinum Кофе натур раствор 190г ст/б(Штраус):6",1,1,2,3,1,5
1327301494,"2026-02-18 23:14:38.969421","2026-02-18 23:14:38.969421","617533",20,2338364,"Кофе•1•01","1000111110","AMBASSADOR Platinum Кофе натур раств 95г ст/б(Штраус):6",1,1,1,3,1,5
1327301495,"2026-02-18 23:14:38.969421","2026-02-18 23:14:38.969421","617533",20,2338364,"Кофе•1•02","1000111111","ЧЕРНАЯ КАРТА Gold Кофе натур раствор 95г ст/б(Штраус):6",1,2,3,2,1,3
1327301496,"2026-02-18 23:14:38.969421","2026-02-18 23:14:38.969421","617533",20,2338364,"Кофе•1•06","1000125976","ЗОЛОТОЙ ЯРЛЫК Какао натуральн100г к/уп(Красный Октябрь):18",1,6,6,3,1,12
1327301497,"2026-02-18 23:14:38.969421","2026-02-18 23:14:38.969421","617533",20,2338364,"Кофе•1•03","1000161152","НЕСКАФЕ Классик Крема Кофе 95г ст/б(Нестле):12",1,3,1,3,1,7
1327301498,"2026-02-18 23:14:38.969421","2026-02-18 23:14:38.969421","617533",20,2338364,"Кофе•1•02","1000179722","ЧЕРНАЯ КАРТА Gold Кофе сублим 190 г ст/б(Штраус):6",1,2,4,3,1,4
1327301499,"2026-02-18 23:14:38.969421","2026-02-18 23:14:38.969421","617533",20,2338364,"Кофе•1•06","1000204399","СКРЕПЫШИ Какао-напиток раств 200г д/п(Россия):35",1,6,1,1,1,11
1327301500,"2026-02-18 23:14:38.969421","2026-02-18 23:14:38.969421","617533",20,2338364,"Кофе•1•07","1000222166","СТАРАЯ МЕЛЬНИЦА Злак нап Яч/цик Осенний100г(Русский прод):14",1,7,5,1,1,10
1327301501,"2026-02-18 23:14:38.969421","2026-02-18 23:14:38.969421","617533",20,2338364,"Кофе•1•03","1000230146","НЕСКАФЕ Голд Кофе сублим с мол Кофе 47,5г ст/б(Нестле):12",1,3,3,3,1,8
1327301502,"2026-02-18 23:14:38.969421","2026-02-18 23:14:38.969421","617533",20,2338364,"Кофе•1•03","1000230147","НЕСКАФЕ Голд Кофе сублим с молотым кофе95г ст/б(Нестле):12",1,3,6,2,1,7
1327301503,"2026-02-18 23:14:38.969421","2026-02-18 23:14:38.969421","617533",20,2338364,"Кофе•1•04","1000230148","НЕСКАФЕ Голд Кофе сублим с молотым Кофе190г ст/б(Нестле):6",1,4,5,2,1,6
1327301504,"2026-02-18 23:14:38.969421","2026-02-18 23:14:38.969421","617533",20,2338364,"Кофе•1•05","1000230149","НЕСКАФЕ Голд Кофе сублим с молотым Кофе 75г д/п(Нестле):8",1,5,3,1,1,10
1327301505,"2026-02-18 23:14:38.969421","2026-02-18 23:14:38.969421","617533",20,2338364,"Кофе•1•07","1000256569","БОЛЬШАЯ ЧАШКА Цикорий растворимый 85г д/п(Славкофе):12",1,7,8,1,1,8
1327301506,"2026-02-18 23:14:38.969421","2026-02-18 23:14:38.969421","617533",20,2338364,"Кофе•1•07","1000269655","ЭКОЛОГИКА Цикорий натур раствор сублим 85г ст/бан (МКНП):15",1,7,9,2,1,7
1327301507,"2026-02-18 23:14:38.969421","2026-02-18 23:14:38.969421","617533",20,2338364,"Кофе•1•05","1000270450","НЕСКАФЕ Классик Кофе раств 190г д/п(Нестле):8",1,5,1,1,1,8
1327301508,"2026-02-18 23:14:38.969421","2026-02-18 23:14:38.969421","617533",20,2338364,"Кофе•1•04","1000271035","НЕСКАФЕ Классик Кофе натур раств 60г д/п(Нестле):12",1,4,1,3,1,10
1327301509,"2026-02-18 23:14:38.969421","2026-02-18 23:14:38.969421","617533",20,2338364,"Кофе•1•01","1000277468","FRESCO Arabica blend Кофе раствор сублим 100г ст/бан(Слав):6",1,1,3,2,1,6
1327301510,"2026-02-18 23:14:38.969421","2026-02-18 23:14:38.969421","617533",20,2338364,"Кофе•1•05","1000306706","НЕСКАФЕ Голд Кофе нат раст сублим 220г д/п(Нестле Кубань):12",1,5,6,2,1,8
1327301511,"2026-02-18 23:14:38.969421","2026-02-18 23:14:38.969421","617533",20,2338364,"Кофе•1•03","1000341773","НЕСКАФЕ Голд Арома Кофе сублим раствор 85г ст/бан:6",1,3,4,2,1,7
1327301512,"2026-02-18 23:14:38.969421","2026-02-18 23:14:38.969421","617533",20,2338364,"Кофе•1•04","1000371456","НЕСКАФЕ Классик Крема Кофе натур раствор 120г д/п(Нестле):8",1,4,2,1,1,10
1327301513,"2026-02-18 23:14:38.969421","2026-02-18 23:14:38.969421","617533",20,2338364,"Кофе•1•05","1000371667","НЕСКАФЕ Классик Кофе раствор с добав мол арабика 320г д/п:8",1,5,2,1,1,8
1327301514,"2026-02-18 23:14:38.969421","2026-02-18 23:14:38.969421","617533",20,2338364,"Кофе•1•04","1000380454","НЕСКАФЕ Голд Арома Интенсо Кофе сублимир 170г ст/бан:6",1,4,4,3,1,5
1327301515,"2026-02-18 23:14:38.969421","2026-02-18 23:14:38.969421","617533",20,2338364,"Кофе•1•06","1000444213","ХРУТКА Какао-напиток 250г д/п:9",1,6,3,1,1,9
1327301516,"2026-02-18 23:14:38.969421","2026-02-18 23:14:38.969421","617533",20,2338364,"Кофе•1•03","1000455954","НЕСКАФЕ Классик Крема Кофе растворимый 190г ст/бан:6",1,3,2,3,1,5
1327301517,"2026-02-18 23:14:38.969421","2026-02-18 23:14:38.969421","617533",20,2338364,"Кофе•1•06","1000470427","ХРУТКА Какао нап раствор д/детей 480г пл/б:10",1,6,4,2,1,5
1327301518,"2026-02-18 23:14:38.969421","2026-02-18 23:14:38.969421","617533",20,2338364,"Кофе•1•01","1000494103","FRESCO Arabica Solo Кофе раствор сублим 190г ст/б:5",1,1,4,2,1,5
1327301519,"2026-02-18 23:14:38.969421","2026-02-18 23:14:38.969421","617533",20,2338364,"Кофе•1•07","1000496304","МАГНИТ Горячий шоколад с аром миндаля 300г к/у (Россия):10",1,7,1,1,1,10
1327301520,"2026-02-18 23:14:38.969421","2026-02-18 23:14:38.969421","617533",20,2338364,"Кофе•1•02","1524200016","ЖОКЕЙ Триумф Кофе раст 95г ст/б(Орими Трейд):12",1,2,2,4,1,5
1327301521,"2026-02-18 23:14:38.969421","2026-02-18 23:14:38.969421","617533",20,2338364,"Кофе•1•06","8000028573","BABYFOX Какао-напиток 130/135г д/п:20",1,6,2,2,1,16
1327301522,"2026-02-18 23:14:38.969421","2026-02-18 23:14:38.969421","617533",20,2338364,"Кофе•1•02","8000029056","INSPIRATO Кофе сублимированный 70г ст/б (Россия):6",1,2,1,3,1,2
1327301523,"2026-02-18 23:14:38.969421","2026-02-18 23:14:38.969421","617533",20,2338364,"Кофе•1•07","8000040144","СТАРАЯ МЕЛЬНИЦА Цикорий нат раствор с черникой 85г д/п:12",1,7,7,1,1,12
1327301524,"2026-02-18 23:14:38.969421","2026-02-18 23:14:38.969421","617533",20,2338364,"Кофе•1•07","8000040145","СТАРАЯ МЕЛЬНИЦА Цикорий нат раствор с шиповником 85г д/п:12",1,7,6,1,1,12
1327301525,"2026-02-18 23:14:38.969421","2026-02-18 23:14:38.969421","617533",20,2338364,"Кофе•1•07","8000068063","АЛЁНКА Горячий шоколад 250г д/п:12",1,7,3,1,1,5
1327301526,"2026-02-18 23:14:38.969421","2026-02-18 23:14:38.969421","617533",20,2338364,"Кофе•1•04","8000075400","НЕСКАФЕ Голд Кофе сублим Вдохновленный Азией 155г ст/бан:6",1,4,3,2,1,5
1327301527,"2026-02-18 23:14:38.969421","2026-02-18 23:14:38.969421","617533",20,2338364,"Кофе•1•05","8000076648","НЕСКАФЕ Голд Кофе нат раствор сублим 160г д/п(Нестле):8",1,5,5,1,1,8
1327301528,"2026-02-18 23:14:38.969421","2026-02-18 23:14:38.969421","617533",20,2338364,"Кофе•1•07","9919990078","MACCHOCOLATE Горячий шок Миндаль 10пак*20г 200г(ФесПрод):10",1,7,2,1,1,6
1327301562,"2026-02-18 23:14:38.969421","2026-02-18 23:14:38.969421","617533",20,2338391,"Кофе•3•03","1000075425","EGOISTE Noir Кофе премиум зерно 250г в/с в/у (DEK):6",3,3,2,1,1,8
1327301563,"2026-02-18 23:14:38.969421","2026-02-18 23:14:38.969421","617533",20,2338391,"Кофе•3•05","1000075426","EGOISTE Noir Кофе молотый 250г в/с в/уп(DEK):6",3,5,6,1,1,8
1327301564,"2026-02-18 23:14:38.969421","2026-02-18 23:14:38.969421","617533",20,2338391,"Кофе•3•04","1000116505","ЧЕРНАЯ КАРТА Кофе в зернах натур жарен 250г мяг/у(Штраус):12",3,4,2,1,1,9
1327301565,"2026-02-18 23:14:38.969421","2026-02-18 23:14:38.969421","617533",20,2338391,"Кофе•3•07","1000116506","ЧЕРНАЯ КАРТА Кофе молот натур жареный 250г мяг/у(Штраус):12",3,7,3,1,1,9
1327301566,"2026-02-18 23:14:38.969421","2026-02-18 23:14:38.969421","617533",20,2338391,"Кофе•3•05","1000125928","Лавацца Квалита Оро Пёрфект Симфони Кофе молотый 250г в/уп:6",3,5,5,1,1,11
1327301567,"2026-02-18 23:14:38.969421","2026-02-18 23:14:38.969421","617533",20,2338391,"Кофе•3•05","1000125929","LAVAZZA Crema e Gusto Кофе мол 250г в/у(Луиджи Лавацца):6",3,5,4,1,1,11
1327301568,"2026-02-18 23:14:38.969421","2026-02-18 23:14:38.969421","617533",20,2338391,"Кофе•3•07","1000156233","ЖИВОЙ Кофе Арабика натур молотый 200г м/у(ЖК Холдинг):10",3,7,6,2,1,8
1327301569,"2026-02-18 23:14:38.969421","2026-02-18 23:14:38.969421","617533",20,2338391,"Кофе•3•07","1000179817","ЖОКЕЙ Кофе мол аром ирланд сливок араб150г в/с м/у(ОРИМИ):10",3,7,5,1,1,7
1327301570,"2026-02-18 23:14:38.969421","2026-02-18 23:14:38.969421","617533",20,2338391,"Кофе•3•01","1000189678","MONARCH Original Кофе натур жар в зерн 800г:6",3,1,1,2,1,4
1327301571,"2026-02-18 23:14:38.969421","2026-02-18 23:14:38.969421","617533",20,2338391,"Кофе•3•04","1000189680","MONARCH Original Кофе натур жар в зерн 230г:9",3,4,7,2,1,7
1327301572,"2026-02-18 23:14:38.969421","2026-02-18 23:14:38.969421","617533",20,2338391,"Кофе•3•06","1000202860","MONARCH Original Кофе натур жар мол 230г:9",3,6,10,1,1,7
1327301573,"2026-02-18 23:14:38.969421","2026-02-18 23:14:38.969421","617533",20,2338391,"Кофе•3•05","1000248542","EGOISTE Velvet Кофе молотый 200г стаб/бэг(Deutsche Extr):6",3,5,7,1,1,7
1327301574,"2026-02-18 23:14:38.969421","2026-02-18 23:14:38.969421","617533",20,2338391,"Кофе•3•07","1000269627","TIBIO Gold Selection Кофе натур мол жар 250г в/у:12",3,7,12,1,1,11
1327301575,"2026-02-18 23:14:38.969421","2026-02-18 23:14:38.969421","617533",20,2338391,"Кофе•3•05","1000281648","LOR Espresso Lungo Profondo Кофе натурал 52г к/уп(Якобс):5",3,5,12,1,1,15
1327301576,"2026-02-18 23:14:38.969421","2026-02-18 23:14:38.969421","617533",20,2338391,"Кофе•3•01","1000282817","BARISTA Pro Bar Кофе натур зерн 1кг ст/бэг(АВД Продакшен):6",3,1,2,2,1,5
1327301577,"2026-02-18 23:14:38.969421","2026-02-18 23:14:38.969421","617533",20,2338391,"Кофе•3•06","1000284974","MEHMET EFENDI Кофе жареный мол 100г фл/п:25",3,6,1,2,1,15
1327301578,"2026-02-18 23:14:38.969421","2026-02-18 23:14:38.969421","617533",20,2338391,"Кофе•3•02","1000304443","JARDIN Americano Crema Кофе зерновой 1кг стаб/бэг (Орими):6",3,2,4,2,1,4
1327301579,"2026-02-18 23:14:38.969421","2026-02-18 23:14:38.969421","617533",20,2338391,"Кофе•3•03","1000304793","AMBASSADOR Nero Кофе зерновой натур 1кг стаб/бэг (Штраус):4",3,3,7,1,1,5
1327301580,"2026-02-18 23:14:38.969421","2026-02-18 23:14:38.969421","617533",20,2338391,"Кофе•3•04","1000309032","FRESCO Arabica Кофе натур зерновой жар 200г стаб/бэг(Слав):8",3,4,4,1,1,10
1327301581,"2026-02-18 23:14:38.969421","2026-02-18 23:14:38.969421","617533",20,2338391,"Кофе•3•06","1000309033","FRESCO Arabica Кофе натур молотый жар 200г стаб/бэг(Слав):8",3,6,5,1,1,10
1327301582,"2026-02-18 23:14:38.969421","2026-02-18 23:14:38.969421","617533",20,2338391,"Кофе•3•05","1000309100","JARDIN Vanillia Кофе молотый 10капс 50г к/уп(Орими):10",3,5,10,1,1,15
1327301583,"2026-02-18 23:14:38.969421","2026-02-18 23:14:38.969421","617533",20,2338391,"Кофе•3•01","1000312741","МОСКОВСКАЯ КОФЕЙНЯ НА ПАЯХЪ Кофе арабика нат зерна 1кг:4",3,1,4,2,1,5
1327301584,"2026-02-18 23:14:38.969421","2026-02-18 23:14:38.969421","617533",20,2338391,"Кофе•3•02","1000339191","FRESCO Кофе нат жар в зернах Arabica Solo 1кг стаб/бэг:5",3,2,2,2,1,4
1327301585,"2026-02-18 23:14:38.969421","2026-02-18 23:14:38.969421","617533",20,2338391,"Кофе•3•05","1000381437","BARISTA Mio Баланс Кофе натур жар молотый 225г:12",3,5,2,1,1,11
1327301586,"2026-02-18 23:14:38.969421","2026-02-18 23:14:38.969421","617533",20,2338391,"Кофе•3•05","1000385877","MONARCH Lungo 8 Intenso Кофе жареный молотый 52г 10шт:5",3,5,11,1,1,15
1327301587,"2026-02-18 23:14:38.969421","2026-02-18 23:14:38.969421","617533",20,2338391,"Кофе•3•02","1000388607","FRESCO Arabica Barista Кофе натур жар в зернах 1000г:5",3,2,1,2,1,4
1327301588,"2026-02-18 23:14:38.969421","2026-02-18 23:14:38.969421","617533",20,2338391,"Кофе•3•03","1000401817","GUSTO DI ROMA Кофе натур зерн 1000г стаб/бэг:3",3,3,8,1,1,5
1327301589,"2026-02-18 23:14:38.969421","2026-02-18 23:14:38.969421","617533",20,2338391,"Кофе•3•04","1000401818","GUSTO DI ROMA Кофе натуральн в зерн 200г стаб/бэг:6",3,4,3,1,1,7
1327301590,"2026-02-18 23:14:38.969421","2026-02-18 23:14:38.969421","617533",20,2338391,"Кофе•3•07","1000401819","МОЯ ЦЕНА Кофе натур молотый 100г фл/п(Россия):12",3,7,1,1,1,25
1327301591,"2026-02-18 23:14:38.969421","2026-02-18 23:14:38.969421","617533",20,2338391,"Кофе•3•07","1000401820","GUSTO DI ROMA Кофе натур молот 220г стаб/бэг:6",3,7,8,1,1,7
1327301592,"2026-02-18 23:14:38.969421","2026-02-18 23:14:38.969421","617533",20,2338391,"Кофе•3•05","1000413459","BARISTA MIO Кофе Крепкий нат жареный молотый 225г ст/бэг:12",3,5,1,1,1,11
1327301593,"2026-02-18 23:14:38.969421","2026-02-18 23:14:38.969421","617533",20,2338391,"Кофе•3•03","1000446780","PIAZZA DEL CAFFE Espresso Forte Кофе в зер 1кг/900г ст/бэг:6",3,3,4,1,1,5
1327301594,"2026-02-18 23:14:38.969421","2026-02-18 23:14:38.969421","617533",20,2338391,"Кофе•3•03","1000447881","LALIBELA COFFEE ESPRESSO Кофе в зёрнах 500г стаб/бэг:5",3,3,6,1,1,5
1327301595,"2026-02-18 23:14:38.969421","2026-02-18 23:14:38.969421","617533",20,2338391,"Кофе•3•04","1000455055","POETTI Daily Classic Crema Кофе в зернах стаб/бэг 250г:12",3,4,5,2,1,8
1327301596,"2026-02-18 23:14:38.969421","2026-02-18 23:14:38.969421","617533",20,2338391,"Кофе•3•05","1000478811","GUSTO DI ROMA Кофе в капс Капучино Dolce Gusto 16шт 144г:4",3,5,9,1,1,4
1327301597,"2026-02-18 23:14:38.969421","2026-02-18 23:14:38.969421","617533",20,2338391,"Кофе•3•06","1000488455","MONARCH Turka Кофе по-восточному молотый 200г м/уп:9",3,6,8,1,1,7
1327301598,"2026-02-18 23:14:38.969421","2026-02-18 23:14:38.969421","617533",20,2338391,"Кофе•3•05","1000512830","GUSTO DI ROMA Кофе в капс Латте кар Dolce Gusto 16шт 144г:4",3,5,8,1,1,4
1327301599,"2026-02-18 23:14:38.969421","2026-02-18 23:14:38.969421","617533",20,2338391,"Кофе•3•06","1500000110","LEBO Кофе мол. в/сорт м/у 100г (Продукт Сервис):20",3,6,6,1,1,20
1327301600,"2026-02-18 23:14:38.969421","2026-02-18 23:14:38.969421","617533",20,2338391,"Кофе•3•03","1537000001","МОСКОВСКАЯ КОФЕЙНЯ НА ПАЯХЪ Кофе Арабика в зернах 250г:6",3,3,1,1,1,10
1327301601,"2026-02-18 23:14:38.969421","2026-02-18 23:14:38.969421","617533",20,2338391,"Кофе•3•05","1537000002","МОСКОВСКАЯ КОФЕЙНЯ НА ПАЯХЪ Кофе Арабика молотый 250г :6",3,5,3,1,1,10
1327301602,"2026-02-18 23:14:38.969421","2026-02-18 23:14:38.969421","617533",20,2338391,"Кофе•3•07","1599400786","ПЕТР ПЕРВЫЙ Императорский помол Кофе в/с 204 г(Кумир):9",3,7,7,1,1,9
1327301603,"2026-02-18 23:14:38.969421","2026-02-18 23:14:38.969421","617533",20,2338391,"Кофе•3•07","3101160202","ЖОКЕЙ Кофе По-восточному молотый в/с 250г в/у:12",3,7,4,1,1,11
1327301604,"2026-02-18 23:14:38.969421","2026-02-18 23:14:38.969421","617533",20,2338391,"Кофе•3•06","8000008410","MONARCH Gold Arabica Кофе жареный молотый 200г м/у:9",3,6,9,1,1,7
1327301605,"2026-02-18 23:14:38.969421","2026-02-18 23:14:38.969421","617533",20,2338391,"Кофе•3•04","8000008411","MONARCH Gold Arabica Кофе натур жар в зернах 200г м/у:9",3,4,6,2,1,7
1327301606,"2026-02-18 23:14:38.969421","2026-02-18 23:14:38.969421","617533",20,2338391,"Кофе•3•06","8000008414","COFFEE TURCA Turkish Coffee молотый в/с 100г:15",3,6,3,1,1,15
1327301607,"2026-02-18 23:14:38.969421","2026-02-18 23:14:38.969421","617533",20,2338391,"Кофе•3•04","8000028440","INSPIRATO Кофе натур зерн 200г стаб/бэг(Россия):6",3,4,1,2,1,7
1327301608,"2026-02-18 23:14:38.969421","2026-02-18 23:14:38.969421","617533",20,2338391,"Кофе•3•03","8000028441","INSPIRATO Кофе натур зерн 1000г стаб/бэг(Россия):5",3,3,3,1,1,6
1327301609,"2026-02-18 23:14:38.969421","2026-02-18 23:14:38.969421","617533",20,2338391,"Кофе•3•06","8000038631","POETTI Daily Mokka Кофе молотый 75г стаб/бэг:18",3,6,2,1,1,10
1327301610,"2026-02-18 23:14:38.969421","2026-02-18 23:14:38.969421","617533",20,2338391,"Кофе•3•03","8000062370","ЖИВОЙ КОФЕ Кофе в зёрнах Vienna Cafe 500г ст/бэг:6",3,3,5,1,1,5
1327301611,"2026-02-18 23:14:38.969421","2026-02-18 23:14:38.969421","617533",20,2338391,"Кофе•3•02","8000063015","COFFEE TURCA Safari blend Кофе в зернах 800г стаб/бэг:4",3,2,3,3,1,2
1327301612,"2026-02-18 23:14:38.969421","2026-02-18 23:14:38.969421","617533",20,2338391,"Кофе•3•07","9924200004","JARDIN Dessert Cup Кофе молотый 250г в/у(Орими Трэйд):12",3,7,10,1,1,11
1327301613,"2026-02-18 23:14:38.969421","2026-02-18 23:14:38.969421","617533",20,2338391,"Кофе•3•07","9924200005","JARDIN Americano Crema Кофе жареный молотый 250г в/у:12",3,7,11,1,1,11
1327301614,"2026-02-18 23:14:38.969421","2026-02-18 23:14:38.969421","617533",20,2338391,"Кофе•3•07","9924200006","JARDIN Espresso Stile Di Milano Кофе молотый 250г в/у:12",3,7,9,1,1,11
1327301615,"2026-02-18 23:14:38.969421","2026-02-18 23:14:38.969421","617533",20,2338391,"Кофе•3•01","9939990001","МОСКОВСКАЯ КОФЕЙНЯ НА ПАЯХЪ КофеАрабикаЗерн500г(ПолисXXIв):8",3,1,3,2,1,6
